country,continent,year,lifeExp,pop,gdpPercap,iso_alpha
Afghanistan,Asia,1952,28.801,8425333,779.4453145,AFG
Afghanistan,Asia,1957,30.332,9240934,820.8530296,AFG
Afghanistan,Asia,1962,31.997,10267083,853.10071,AFG
Afghanistan,Asia,1967,34.02,11537966,836.1971382,AFG
Afghanistan,Asia,1972,36.088,13079460,739.9811058,AFG
Afghanistan,Asia,1977,38.438,14880372,786.11336,AFG
Afghanistan,Asia,1982,39.854,12881816,978.0114388,AFG
Afghanistan,Asia,1987,40.822,13867957,852.3959448,AFG
Afghanistan,Asia,1992,41.674,16317921,649.3413952,AFG
Afghanistan,Asia,1997,41.763,22227415,635.341351,AFG
Afghanistan,Asia,2002,42.129,25268405,726.7340548,AFG
Afghanistan,Asia,2007,43.828,31889923,974.5803384,AFG
Albania,Europe,1957,59.28,1476505,1942.284244,ALB
Albania,Europe,1962,64.82,1728137,2312.888958,ALB
Albania,Europe,1967,66.22,1984060,2760.196931,ALB
Albania,Europe,1972,67.69,2263554,3313.422188,ALB
Albania,Europe,1977,68.93,2509048,3533.00391,ALB
Albania,Europe,1982,70.42,2780097,3630.880722,ALB
Albania,Europe,1987,72,3075321,3738.932735,ALB
Albania,Europe,1992,71.581,3326498,2497.437901,ALB
Albania,Europe,1997,72.95,3428038,3193.054604,ALB
Albania,Europe,2002,75.651,3508512,4604.211737,ALB
Albania,Europe,2007,76.423,3600523,5937.029526,ALB
Algeria,Africa,1952,43.077,9279525,2449.008185,DZA
Algeria,Africa,1957,45.685,10270856,3013.976023,DZA
Algeria,Africa,1962,48.303,11000948,2550.81688,DZA
Algeria,Africa,1967,51.407,12760499,3246.991771,DZA
Algeria,Africa,1972,54.518,14760787,4182.663766,DZA
Algeria,Africa,1977,58.014,17152804,4910.416756,DZA
Algeria,Africa,1982,61.368,20033753,5745.160213,DZA
Algeria,Africa,1987,65.799,23254956,5681.358539,DZA
Algeria,Africa,1992,67.744,26298373,5023.216647,DZA
Algeria,Africa,1997,69.152,29072015,4797.295051,DZA
Algeria,Africa,2002,70.994,31287142,5288.040382,DZA
Algeria,Africa,2007,72.301,33333216,6223.367465,DZA
Angola,Africa,1952,30.015,4232095,3520.610273,AGO
Angola,Africa,1957,31.999,4561361,3827.940465,AGO
Angola,Africa,1962,34,4826015,4269.276742,AGO
Angola,Africa,1967,35.985,5247469,5522.776375,AGO
Angola,Africa,1972,37.928,5894858,5473.288005,AGO
Angola,Africa,1977,39.483,6162675,3008.647355,AGO
Angola,Africa,1982,39.942,7016384,2756.953672,AGO
Angola,Africa,1987,39.906,7874230,2430.208311,AGO
Angola,Africa,1992,40.647,8735988,2627.845685,AGO
Angola,Africa,1997,40.963,9875024,2277.140884,AGO
Angola,Africa,2002,41.003,10866106,2773.287312,AGO
Angola,Africa,2007,42.731,12420476,4797.231267,AGO
Argentina,Americas,1952,62.485,17876956,5911.315053,ARG
Argentina,Americas,1957,64.399,19610538,6856.856212,ARG
Argentina,Americas,1962,65.142,21283783,7133.166023,ARG
Argentina,Americas,1967,65.634,22934225,8052.953021,ARG
Argentina,Americas,1972,67.065,24779799,9443.038526,ARG
Argentina,Americas,1977,68.481,26983828,10079.02674,ARG
Argentina,Americas,1982,69.942,29341374,8997.897412,ARG
Argentina,Americas,1987,70.774,31620918,9139.671389,ARG
Argentina,Americas,1992,71.868,33958947,9308.41871,ARG
Argentina,Americas,1997,73.275,36203463,10967.28195,ARG
Argentina,Americas,2002,74.34,38331121,8797.640716,ARG
Argentina,Americas,2007,75.32,40301927,12779.37964,ARG
Australia,Oceania,1952,69.12,8691212,10039.59564,AUS
Australia,Oceania,1957,70.33,9712569,10949.64959,AUS
Australia,Oceania,1962,70.93,10794968,12217.22686,AUS
Australia,Oceania,1972,71.93,13177000,16788.62948,AUS
Australia,Oceania,1977,73.49,14074100,18334.19751,AUS
Australia,Oceania,1982,74.74,15184200,19477.00928,AUS
Australia,Oceania,1987,76.32,16257249,21888.88903,AUS
Australia,Oceania,1992,77.56,17481977,23424.76683,AUS
Australia,Oceania,1997,78.83,18565243,26997.93657,AUS
Australia,Oceania,2002,80.37,19546792,30687.75473,AUS
Australia,Oceania,2007,81.235,20434176,34435.36744,AUS
Austria,Europe,1952,66.8,6927772,6137.076492,AUT
Austria,Europe,1957,67.48,6965860,8842.59803,AUT
Austria,Europe,1962,69.54,7129864,10750.72111,AUT
Austria,Europe,1967,70.14,7376998,12834.6024,AUT
Austria,Europe,1972,70.63,7544201,16661.6256,AUT
Austria,Europe,1977,72.17,7568430,19749.4223,AUT
Austria,Europe,1982,73.18,7574613,21597.08362,AUT
Austria,Europe,1987,74.94,7578903,23687.82607,AUT
Austria,Europe,1992,76.04,7914969,27042.01868,AUT
Austria,Europe,1997,77.51,8069876,29095.92066,AUT
Austria,Europe,2002,78.98,8148312,32417.60769,AUT
Austria,Europe,2007,79.829,8199783,36126.4927,AUT
Bahrain,Asia,1952,50.939,120447,9867.084765,BHR
Bahrain,Asia,1957,53.832,138655,11635.79945,BHR
Bahrain,Asia,1962,56.923,171863,12753.27514,BHR
Bahrain,Asia,1967,59.923,202182,14804.6727,BHR
Bahrain,Asia,1972,63.3,230800,18268.65839,BHR
Bahrain,Asia,1977,65.593,297410,19340.10196,BHR
Bahrain,Asia,1982,69.052,377967,19211.14731,BHR
Bahrain,Asia,1987,70.75,454612,18524.02406,BHR
Bahrain,Asia,1992,72.601,529491,19035.57917,BHR
Bahrain,Asia,1997,73.925,598561,20292.01679,BHR
Bahrain,Asia,2002,74.795,656397,23403.55927,BHR
Bahrain,Asia,2007,75.635,708573,29796.04834,BHR
Bangladesh,Asia,1952,37.484,46886859,684.2441716,BGD
Bangladesh,Asia,1957,39.348,51365468,661.6374577,BGD
Bangladesh,Asia,1962,41.216,56839289,686.3415538,BGD
Bangladesh,Asia,1967,43.453,62821884,721.1860862,BGD
Bangladesh,Asia,1972,45.252,70759295,630.2336265,BGD
Bangladesh,Asia,1977,46.923,80428306,659.8772322,BGD
Bangladesh,Asia,1982,50.009,93074406,676.9818656,BGD
Bangladesh,Asia,1987,52.819,103764241,751.9794035,BGD
Bangladesh,Asia,1992,56.018,113704579,837.8101643,BGD
Bangladesh,Asia,1997,59.412,123315288,972.7700352,BGD
Bangladesh,Asia,2002,62.013,135656790,1136.39043,BGD
Bangladesh,Asia,2007,64.062,150448339,1391.253792,BGD
Belgium,Europe,1957,69.24,8989111,9714.960623,BEL
Belgium,Europe,1962,70.25,9218400,10991.20676,BEL
Belgium,Europe,1967,70.94,9556500,13149.04119,BEL
Belgium,Europe,1972,71.44,9709100,16672.14356,BEL
Belgium,Europe,1977,72.8,9821800,19117.97448,BEL
Belgium,Europe,1982,73.93,9856303,20979.84589,BEL
Belgium,Europe,1987,75.35,9870200,22525.56308,BEL
Belgium,Europe,1992,76.46,10045622,25575.57069,BEL
Belgium,Europe,1997,77.53,10199787,27561.19663,BEL
Belgium,Europe,2002,78.32,10311970,30485.88375,BEL
Belgium,Europe,2007,79.441,10392226,33692.60508,BEL
Belgium,Europe,1952,68,8730405,8343.105127,BEL
Benin,Africa,1952,38.223,1738315,1062.7522,BEN
Benin,Africa,1957,40.358,1925173,959.6010805,BEN
Benin,Africa,1962,42.618,2151895,949.4990641,BEN
Benin,Africa,1967,44.885,2427334,1035.831411,BEN
Benin,Africa,1972,47.014,2761407,1085.796879,BEN
Benin,Africa,1977,49.19,3168267,1029.161251,BEN
Benin,Africa,1982,50.904,3641603,1277.897616,BEN
Benin,Africa,1987,52.337,4243788,1225.85601,BEN
Benin,Africa,1992,53.919,4981671,1191.207681,BEN
Benin,Africa,1997,54.777,6066080,1232.975292,BEN
Benin,Africa,2002,54.406,7026113,1372.877931,BEN
Benin,Africa,2007,56.728,8078314,1441.284873,BEN
Bolivia,Americas,1952,40.414,2883315,2677.326347,BOL
Bolivia,Americas,1957,41.89,3211738,2127.686326,BOL
Bolivia,Americas,1962,43.428,3593918,2180.972546,BOL
Bolivia,Americas,1967,45.032,4040665,2586.886053,BOL
Bolivia,Americas,1972,46.714,4565872,2980.331339,BOL
Bolivia,Americas,1977,50.023,5079716,3548.097832,BOL
Bolivia,Americas,1982,53.859,5642224,3156.510452,BOL
Bolivia,Americas,1987,57.251,6156369,2753.69149,BOL
Bolivia,Americas,1992,59.957,6893451,2961.699694,BOL
Bolivia,Americas,1997,62.05,7693188,3326.143191,BOL
Bolivia,Americas,2002,63.883,8445134,3413.26269,BOL
Bolivia,Americas,2007,65.554,9119152,3822.137084,BOL
"Bosnia and Herzegovina",Europe,1952,53.82,2791000,973.5331948,BIH
"Bosnia and Herzegovina",Europe,1957,58.45,3076000,1353.989176,BIH
"Bosnia and Herzegovina",Europe,1962,61.93,3349000,1709.683679,BIH
"Bosnia and Herzegovina",Europe,1967,64.79,3585000,2172.352423,BIH
"Bosnia and Herzegovina",Europe,1972,67.45,3819000,2860.16975,BIH
"Bosnia and Herzegovina",Europe,1977,69.86,4086000,3528.481305,BIH
"Bosnia and Herzegovina",Europe,1982,70.69,4172693,4126.613157,BIH
"Bosnia and Herzegovina",Europe,1987,71.14,4338977,4314.114757,BIH
"Bosnia and Herzegovina",Europe,1992,72.178,4256013,2546.781445,BIH
"Bosnia and Herzegovina",Europe,1997,73.244,3607000,4766.355904,BIH
"Bosnia and Herzegovina",Europe,2002,74.09,4165416,6018.975239,BIH
"Bosnia and Herzegovina",Europe,2007,74.852,4552198,7446.298803,BIH
Botswana,Africa,1952,47.622,442308,851.2411407,BWA
Botswana,Africa,1957,49.618,474639,918.2325349,BWA
Botswana,Africa,1962,51.52,512764,983.6539764,BWA
Botswana,Africa,1967,53.298,553541,1214.709294,BWA
Botswana,Africa,1972,56.024,619351,2263.611114,BWA
Botswana,Africa,1977,59.319,781472,3214.857818,BWA
Botswana,Africa,1982,61.484,970347,4551.14215,BWA
Botswana,Africa,1987,63.622,1151184,6205.88385,BWA
Botswana,Africa,1992,62.745,1342614,7954.111645,BWA
Botswana,Africa,1997,52.556,1536536,8647.142313,BWA
Botswana,Africa,2002,46.634,1630347,11003.60508,BWA
Botswana,Africa,2007,50.728,1639131,12569.85177,BWA
Brazil,Americas,1952,50.917,56602560,2108.944355,BRA
Brazil,Americas,1957,53.285,65551171,2487.365989,BRA
Brazil,Americas,1962,55.665,76039390,3336.585802,BRA
Brazil,Americas,1967,57.632,88049823,3429.864357,BRA
Brazil,Americas,1972,59.504,100840058,4985.711467,BRA
Brazil,Americas,1977,61.489,114313951,6660.118654,BRA
Brazil,Americas,1982,63.336,128962939,7030.835878,BRA
Brazil,Americas,1987,65.205,142938076,7807.095818,BRA
Brazil,Americas,1992,67.057,155975974,6950.283021,BRA
Brazil,Americas,1997,69.388,168546719,7957.980824,BRA
Brazil,Americas,2002,71.006,179914212,8131.212843,BRA
Brazil,Americas,2007,72.39,190010647,9065.800825,BRA
Bulgaria,Europe,1952,59.6,7274900,2444.286648,BGR
Bulgaria,Europe,1957,66.61,7651254,3008.670727,BGR
Bulgaria,Europe,1962,69.51,8012946,4254.337839,BGR
Bulgaria,Europe,1967,70.42,8310226,5577.0028,BGR
Bulgaria,Europe,1972,70.9,8576200,6597.494398,BGR
Bulgaria,Europe,1977,70.81,8797022,7612.240438,BGR
Bulgaria,Europe,1982,71.08,8892098,8224.191647,BGR
Bulgaria,Europe,1987,71.34,8971958,8239.854824,BGR
Bulgaria,Europe,1992,71.19,8658506,6302.623438,BGR
Bulgaria,Europe,1997,70.32,8066057,5970.38876,BGR
Bulgaria,Europe,2002,72.14,7661799,7696.777725,BGR
Bulgaria,Europe,2007,73.005,7322858,10680.79282,BGR
"Burkina Faso",Africa,1952,31.975,4469979,543.2552413,BFA
"Burkina Faso",Africa,1957,34.906,4713416,617.1834648,BFA
"Burkina Faso",Africa,1962,37.814,4919632,722.5120206,BFA
"Burkina Faso",Africa,1967,40.697,5127935,794.8265597,BFA
"Burkina Faso",Africa,1972,43.591,5433886,854.7359763,BFA
"Burkina Faso",Africa,1977,46.137,5889574,743.3870368,BFA
"Burkina Faso",Africa,1982,48.122,6634596,807.1985855,BFA
"Burkina Faso",Africa,1987,49.557,7586551,912.0631417,BFA
"Burkina Faso",Africa,1992,50.26,8878303,931.7527731,BFA
"Burkina Faso",Africa,1997,50.324,10352843,946.2949618,BFA
"Burkina Faso",Africa,2002,50.65,12251209,1037.645221,BFA
"Burkina Faso",Africa,2007,52.295,14326203,1217.032994,BFA
Burundi,Africa,1952,39.031,2445618,339.2964587,BDI
Burundi,Africa,1957,40.533,2667518,379.5646281,BDI
Burundi,Africa,1962,42.045,2961915,355.2032273,BDI
Burundi,Africa,1967,43.548,3330989,412.9775136,BDI
Burundi,Africa,1972,44.057,3529983,464.0995039,BDI
Burundi,Africa,1977,45.91,3834415,556.1032651,BDI
Burundi,Africa,1982,47.471,4580410,559.603231,BDI
Burundi,Africa,1987,48.211,5126023,621.8188189,BDI
Burundi,Africa,1992,44.736,5809236,631.6998778,BDI
Burundi,Africa,1997,45.326,6121610,463.1151478,BDI
Burundi,Africa,2002,47.36,7021078,446.4035126,BDI
Burundi,Africa,2007,49.58,8390505,430.0706916,BDI
Cambodia,Asia,1952,39.417,4693836,368.4692856,KHM
Cambodia,Asia,1957,41.366,5322536,434.0383364,KHM
Cambodia,Asia,1962,43.415,6083619,496.9136476,KHM
Cambodia,Asia,1967,45.415,6960067,523.4323142,KHM
Cambodia,Asia,1972,40.317,7450606,421.6240257,KHM
Cambodia,Asia,1977,31.22,6978607,524.9721832,KHM
Cambodia,Asia,1982,50.957,7272485,624.4754784,KHM
Cambodia,Asia,1987,53.914,8371791,683.8955732,KHM
Cambodia,Asia,1992,55.803,10150094,682.3031755,KHM
Cambodia,Asia,1997,56.534,11782962,734.28517,KHM
Cambodia,Asia,2002,56.752,12926707,896.2260153,KHM
Cambodia,Asia,2007,59.723,14131858,1713.778686,KHM
Cameroon,Africa,1952,38.523,5009067,1172.667655,CMR
Cameroon,Africa,1957,40.428,5359923,1313.048099,CMR
Cameroon,Africa,1962,42.643,5793633,1399.607441,CMR
Cameroon,Africa,1967,44.799,6335506,1508.453148,CMR
Cameroon,Africa,1972,47.049,7021028,1684.146528,CMR
Cameroon,Africa,1977,49.355,7959865,1783.432873,CMR
Cameroon,Africa,1982,52.961,9250831,2367.983282,CMR
Cameroon,Africa,1987,54.985,10780667,2602.664206,CMR
Cameroon,Africa,1992,54.314,12467171,1793.163278,CMR
Cameroon,Africa,1997,52.199,14195809,1694.337469,CMR
Cameroon,Africa,2002,49.856,15929988,1934.011449,CMR
Cameroon,Africa,2007,50.43,17696293,2042.09524,CMR
Canada,Americas,1952,68.75,14785584,11367.16112,CAN
Canada,Americas,1957,69.96,17010154,12489.95006,CAN
Canada,Americas,1962,71.3,18985849,13462.48555,CAN
Canada,Americas,1967,72.13,20819767,16076.58803,CAN
Canada,Americas,1972,72.88,22284500,18970.57086,CAN
Canada,Americas,1977,74.21,23796400,22090.88306,CAN
Canada,Americas,1982,75.76,25201900,22898.79214,CAN
Canada,Americas,1987,76.86,26549700,26626.51503,CAN
Canada,Americas,1992,77.95,28523502,26342.88426,CAN
Canada,Americas,1997,78.61,30305843,28954.92589,CAN
Canada,Americas,2002,79.77,31902268,33328.96507,CAN
Canada,Americas,2007,80.653,33390141,36319.23501,CAN
"Central African Republic",Africa,1952,35.463,1291695,1071.310713,CAF
"Central African Republic",Africa,1957,37.464,1392284,1190.844328,CAF
"Central African Republic",Africa,1962,39.475,1523478,1193.068753,CAF
"Central African Republic",Africa,1967,41.478,1733638,1136.056615,CAF
"Central African Republic",Africa,1972,43.457,1927260,1070.013275,CAF
"Central African Republic",Africa,1977,46.775,2167533,1109.374338,CAF
"Central African Republic",Africa,1982,48.295,2476971,956.7529907,CAF
"Central African Republic",Africa,1987,50.485,2840009,844.8763504,CAF
"Central African Republic",Africa,1992,49.396,3265124,747.9055252,CAF
"Central African Republic",Africa,1997,46.066,3696513,740.5063317,CAF
"Central African Republic",Africa,2002,43.308,4048013,738.6906068,CAF
"Central African Republic",Africa,2007,44.741,4369038,706.016537,CAF
Chad,Africa,1952,38.092,2682462,1178.665927,TCD
Chad,Africa,1957,39.881,2894855,1308.495577,TCD
Chad,Africa,1962,41.716,3150417,1389.817618,TCD
Chad,Africa,1967,43.601,3495967,1196.810565,TCD
Chad,Africa,1972,45.569,3899068,1104.103987,TCD
Chad,Africa,1977,47.383,4388260,1133.98495,TCD
Chad,Africa,1982,49.517,4875118,797.9081006,TCD
Chad,Africa,1987,51.051,5498955,952.386129,TCD
Chad,Africa,1992,51.724,6429417,1058.0643,TCD
Chad,Africa,1997,51.573,7562011,1004.961353,TCD
Chad,Africa,2002,50.525,8835739,1156.18186,TCD
Chad,Africa,2007,50.651,10238807,1704.063724,TCD
Chile,Americas,1952,54.745,6377619,3939.978789,CHL
Chile,Americas,1957,56.074,7048426,4315.622723,CHL
Chile,Americas,1962,57.924,7961258,4519.094331,CHL
Chile,Americas,1967,60.523,8858908,5106.654313,CHL
Chile,Americas,1972,63.441,9717524,5494.024437,CHL
Chile,Americas,1977,67.052,10599793,4756.763836,CHL
Chile,Americas,1982,70.565,11487112,5095.665738,CHL
Chile,Americas,1987,72.492,12463354,5547.063754,CHL
Chile,Americas,1992,74.126,13572994,7596.125964,CHL
Chile,Americas,1997,75.816,14599929,10118.05318,CHL
Chile,Americas,2002,77.86,15497046,10778.78385,CHL
Chile,Americas,2007,78.553,16284741,13171.63885,CHL
China,Asia,1952,44,556263527,400.448611,CHN
China,Asia,1957,50.54896,637408000,575.9870009,CHN
China,Asia,1962,44.50136,665770000,487.6740183,CHN
China,Asia,1967,58.38112,754550000,612.7056934,CHN
China,Asia,1972,63.11888,862030000,676.9000921,CHN
China,Asia,1977,63.96736,943455000,741.2374699,CHN
China,Asia,1982,65.525,1000281000,962.4213805,CHN
China,Asia,1987,67.274,1084035000,1378.904018,CHN
China,Asia,1992,68.69,1164970000,1655.784158,CHN
China,Asia,1997,70.426,1230075000,2289.234136,CHN
China,Asia,2002,72.028,1280400000,3119.280896,CHN
China,Asia,2007,72.961,1318683096,4959.114854,CHN
Colombia,Americas,1952,50.643,12350771,2144.115096,COL
Colombia,Americas,1957,55.118,14485993,2323.805581,COL
Colombia,Americas,1962,57.863,17009885,2492.351109,COL
Colombia,Americas,1967,59.963,19764027,2678.729839,COL
Colombia,Americas,1972,61.623,22542890,3264.660041,COL
Colombia,Americas,1977,63.837,25094412,3815.80787,COL
Colombia,Americas,1982,66.653,27764644,4397.575659,COL
Colombia,Americas,1987,67.768,30964245,4903.2191,COL
Colombia,Americas,1992,68.421,34202721,5444.648617,COL
Colombia,Americas,1997,70.313,37657830,6117.361746,COL
Colombia,Americas,2002,71.682,41008227,5755.259962,COL
Colombia,Americas,2007,72.889,44227550,7006.580419,COL
Comoros,Africa,1952,40.715,153936,1102.990936,COM
Comoros,Africa,1957,42.46,170928,1211.148548,COM
Comoros,Africa,1962,44.467,191689,1406.648278,COM
Comoros,Africa,1967,46.472,217378,1876.029643,COM
Comoros,Africa,1972,48.944,250027,1937.577675,COM
Comoros,Africa,1977,50.939,304739,1172.603047,COM
Comoros,Africa,1982,52.933,348643,1267.100083,COM
Comoros,Africa,1987,54.926,395114,1315.980812,COM
Comoros,Africa,1992,57.939,454429,1246.90737,COM
Comoros,Africa,1997,60.66,527982,1173.618235,COM
Comoros,Africa,2002,62.974,614382,1075.811558,COM
Comoros,Africa,2007,65.152,710960,986.1478792,COM
"Congo, Dem. Rep.",Africa,1952,39.143,14100005,780.5423257,COD
"Congo, Dem. Rep.",Africa,1957,40.652,15577932,905.8602303,COD
"Congo, Dem. Rep.",Africa,1962,42.122,17486434,896.3146335,COD
"Congo, Dem. Rep.",Africa,1967,44.056,19941073,861.5932424,COD
"Congo, Dem. Rep.",Africa,1972,45.989,23007669,904.8960685,COD
"Congo, Dem. Rep.",Africa,1977,47.804,26480870,795.757282,COD
"Congo, Dem. Rep.",Africa,1982,47.784,30646495,673.7478181,COD
"Congo, Dem. Rep.",Africa,1987,47.412,35481645,672.774812,COD
"Congo, Dem. Rep.",Africa,1992,45.548,41672143,457.7191807,COD
"Congo, Dem. Rep.",Africa,1997,42.587,47798986,312.188423,COD
"Congo, Dem. Rep.",Africa,2002,44.966,55379852,241.1658765,COD
"Congo, Dem. Rep.",Africa,2007,46.462,64606759,277.5518587,COD
"Congo, Rep.",Africa,1952,42.111,854885,2125.621418,COG
"Congo, Rep.",Africa,1957,45.053,940458,2315.056572,COG
"Congo, Rep.",Africa,1962,48.435,1047924,2464.783157,COG
"Congo, Rep.",Africa,1967,52.04,1179760,2677.939642,COG
"Congo, Rep.",Africa,1972,54.907,1340458,3213.152683,COG
"Congo, Rep.",Africa,1977,55.625,1536769,3259.178978,COG
"Congo, Rep.",Africa,1982,56.695,1774735,4879.507522,COG
"Congo, Rep.",Africa,1987,57.47,2064095,4201.194937,COG
"Congo, Rep.",Africa,1992,56.433,2409073,4016.239529,COG
"Congo, Rep.",Africa,1997,52.962,2800947,3484.164376,COG
"Congo, Rep.",Africa,2002,52.97,3328795,3484.06197,COG
"Congo, Rep.",Africa,2007,55.322,3800610,3632.557798,COG
"Costa Rica",Americas,1952,57.206,926317,2627.009471,CRI
"Costa Rica",Americas,1957,60.026,1112300,2990.010802,CRI
"Costa Rica",Americas,1962,62.842,1345187,3460.937025,CRI
"Costa Rica",Americas,1967,65.424,1588717,4161.727834,CRI
"Costa Rica",Americas,1972,67.849,1834796,5118.146939,CRI
"Costa Rica",Americas,1977,70.75,2108457,5926.876967,CRI
"Costa Rica",Americas,1982,73.45,2424367,5262.734751,CRI
"Costa Rica",Americas,1987,74.752,2799811,5629.915318,CRI
"Costa Rica",Americas,1992,75.713,3173216,6160.416317,CRI
"Costa Rica",Americas,1997,77.26,3518107,6677.045314,CRI
"Costa Rica",Americas,2002,78.123,3834934,7723.447195,CRI
"Costa Rica",Americas,2007,78.782,4133884,9645.06142,CRI
"Cote d'Ivoire",Africa,1952,40.477,2977019,1388.594732,CIV
"Cote d'Ivoire",Africa,1957,42.469,3300000,1500.895925,CIV
"Cote d'Ivoire",Africa,1962,44.93,3832408,1728.869428,CIV
"Cote d'Ivoire",Africa,1967,47.35,4744870,2052.050473,CIV
"Cote d'Ivoire",Africa,1972,49.801,6071696,2378.201111,CIV
"Cote d'Ivoire",Africa,1977,52.374,7459574,2517.736547,CIV
"Cote d'Ivoire",Africa,1982,53.983,9025951,2602.710169,CIV
"Cote d'Ivoire",Africa,1987,54.655,10761098,2156.956069,CIV
"Cote d'Ivoire",Africa,1992,52.044,12772596,1648.073791,CIV
"Cote d'Ivoire",Africa,1997,47.991,14625967,1786.265407,CIV
"Cote d'Ivoire",Africa,2002,46.832,16252726,1648.800823,CIV
"Cote d'Ivoire",Africa,2007,48.328,18013409,1544.750112,CIV
Croatia,Europe,1952,61.21,3882229,3119.23652,HRV
Croatia,Europe,1957,64.77,3991242,4338.231617,HRV
Croatia,Europe,1962,67.13,4076557,5477.890018,HRV
Croatia,Europe,1967,68.5,4174366,6960.297861,HRV
Croatia,Europe,1972,69.61,4225310,9164.090127,HRV
Croatia,Europe,1977,70.64,4318673,11305.38517,HRV
Croatia,Europe,1982,70.46,4413368,13221.82184,HRV
Croatia,Europe,1987,71.52,4484310,13822.58394,HRV
Croatia,Europe,1992,72.527,4494013,8447.794873,HRV
Croatia,Europe,1997,73.68,4444595,9875.604515,HRV
Croatia,Europe,2002,74.876,4481020,11628.38895,HRV
Croatia,Europe,2007,75.748,4493312,14619.22272,HRV
Cuba,Americas,1952,59.421,6007797,5586.53878,CUB
Cuba,Americas,1957,62.325,6640752,6092.174359,CUB
Cuba,Americas,1962,65.246,7254373,5180.75591,CUB
Cuba,Americas,1967,68.29,8139332,5690.268015,CUB
Cuba,Americas,1972,70.723,8831348,5305.445256,CUB
Cuba,Americas,1977,72.649,9537988,6380.494966,CUB
Cuba,Americas,1982,73.717,9789224,7316.918107,CUB
Cuba,Americas,1987,74.174,10239839,7532.924763,CUB
Cuba,Americas,1992,74.414,10723260,5592.843963,CUB
Cuba,Americas,1997,76.151,10983007,5431.990415,CUB
Cuba,Americas,2002,77.158,11226999,6340.646683,CUB
Cuba,Americas,2007,78.273,11416987,8948.102923,CUB
"Czech Republic",Europe,1952,66.87,9125183,6876.14025,CZE
"Czech Republic",Europe,1957,69.03,9513758,8256.343918,CZE
"Czech Republic",Europe,1962,69.9,9620282,10136.86713,CZE
"Czech Republic",Europe,1967,70.38,9835109,11399.44489,CZE
"Czech Republic",Europe,1972,70.29,9862158,13108.4536,CZE
"Czech Republic",Europe,1977,70.71,10161915,14800.16062,CZE
"Czech Republic",Europe,1982,70.96,10303704,15377.22855,CZE
"Czech Republic",Europe,1987,71.58,10311597,16310.4434,CZE
"Czech Republic",Europe,1992,72.4,10315702,14297.02122,CZE
"Czech Republic",Europe,1997,74.01,10300707,16048.51424,CZE
"Czech Republic",Europe,2002,75.51,10256295,17596.21022,CZE
"Czech Republic",Europe,2007,76.486,10228744,22833.30851,CZE
Denmark,Europe,1952,70.78,4334000,9692.385245,DNK
Denmark,Europe,1957,71.81,4487831,11099.65935,DNK
Denmark,Europe,1962,72.35,4646899,13583.31351,DNK
Denmark,Europe,1967,72.96,4838800,15937.21123,DNK
Denmark,Europe,1972,73.47,4991596,18866.20721,DNK
Denmark,Europe,1977,74.69,5088419,20422.9015,DNK
Denmark,Europe,1982,74.63,5117810,21688.04048,DNK
Denmark,Europe,1987,74.8,5127024,25116.17581,DNK
Denmark,Europe,1992,75.33,5171393,26406.73985,DNK
Denmark,Europe,1997,76.11,5283663,29804.34567,DNK
Denmark,Europe,2002,77.18,5374693,32166.50006,DNK
Denmark,Europe,2007,78.332,5468120,35278.41874,DNK
Djibouti,Africa,1952,34.812,63149,2669.529475,DJI
Djibouti,Africa,1957,37.328,71851,2864.969076,DJI
Djibouti,Africa,1962,39.693,89898,3020.989263,DJI
Djibouti,Africa,1967,42.074,127617,3020.050513,DJI
Djibouti,Africa,1972,44.366,178848,3694.212352,DJI
Djibouti,Africa,1977,46.519,228694,3081.761022,DJI
Djibouti,Africa,1982,48.812,305991,2879.468067,DJI
Djibouti,Africa,1987,50.04,311025,2880.102568,DJI
Djibouti,Africa,1992,51.604,384156,2377.156192,DJI
Djibouti,Africa,1997,53.157,417908,1895.016984,DJI
Djibouti,Africa,2002,53.373,447416,1908.260867,DJI
Djibouti,Africa,2007,54.791,496374,2082.481567,DJI
"Dominican Republic",Americas,1952,45.928,2491346,1397.717137,DOM
"Dominican Republic",Americas,1957,49.828,2923186,1544.402995,DOM
"Dominican Republic",Americas,1962,53.459,3453434,1662.137359,DOM
"Dominican Republic",Americas,1967,56.751,4049146,1653.723003,DOM
"Dominican Republic",Americas,1972,59.631,4671329,2189.874499,DOM
"Dominican Republic",Americas,1977,61.788,5302800,2681.9889,DOM
"Dominican Republic",Americas,1982,63.727,5968349,2861.092386,DOM
"Dominican Republic",Americas,1987,66.046,6655297,2899.842175,DOM
"Dominican Republic",Americas,1992,68.457,7351181,3044.214214,DOM
"Dominican Republic",Americas,1997,69.957,7992357,3614.101285,DOM
"Dominican Republic",Americas,2002,70.847,8650322,4563.808154,DOM
"Dominican Republic",Americas,2007,72.235,9319622,6025.374752,DOM
Ecuador,Americas,1952,48.357,3548753,3522.110717,ECU
Ecuador,Americas,1957,51.356,4058385,3780.546651,ECU
Ecuador,Americas,1962,54.64,4681707,4086.114078,ECU
Ecuador,Americas,1967,56.678,5432424,4579.074215,ECU
Ecuador,Americas,1972,58.796,6298651,5280.99471,ECU
Ecuador,Americas,1977,61.31,7278866,6679.62326,ECU
Ecuador,Americas,1982,64.342,8365850,7213.791267,ECU
Ecuador,Americas,1987,67.231,9545158,6481.776993,ECU
Ecuador,Americas,1992,69.613,10748394,7103.702595,ECU
Ecuador,Americas,1997,72.312,11911819,7429.455877,ECU
Ecuador,Americas,2002,74.173,12921234,5773.044512,ECU
Ecuador,Americas,2007,74.994,13755680,6873.262326,ECU
Egypt,Africa,1952,41.893,22223309,1418.822445,EGY
Egypt,Africa,1957,44.444,25009741,1458.915272,EGY
Egypt,Africa,1962,46.992,28173309,1693.335853,EGY
Egypt,Africa,1967,49.293,31681188,1814.880728,EGY
Egypt,Africa,1972,51.137,34807417,2024.008147,EGY
Egypt,Africa,1977,53.319,38783863,2785.493582,EGY
Egypt,Africa,1982,56.006,45681811,3503.729636,EGY
Egypt,Africa,1987,59.797,52799062,3885.46071,EGY
Egypt,Africa,1992,63.674,59402198,3794.755195,EGY
Egypt,Africa,1997,67.217,66134291,4173.181797,EGY
Egypt,Africa,2002,69.806,73312559,4754.604414,EGY
Egypt,Africa,2007,71.338,80264543,5581.180998,EGY
"El Salvador",Americas,1952,45.262,2042865,3048.3029,SLV
"El Salvador",Americas,1957,48.57,2355805,3421.523218,SLV
"El Salvador",Americas,1962,52.307,2747687,3776.803627,SLV
"El Salvador",Americas,1967,55.855,3232927,4358.595393,SLV
"El Salvador",Americas,1972,58.207,3790903,4520.246008,SLV
"El Salvador",Americas,1977,56.696,4282586,5138.922374,SLV
"El Salvador",Americas,1982,56.604,4474873,4098.344175,SLV
"El Salvador",Americas,1987,63.154,4842194,4140.442097,SLV
"El Salvador",Americas,1992,66.798,5274649,4444.2317,SLV
"El Salvador",Americas,1997,69.535,5783439,5154.825496,SLV
"El Salvador",Americas,2002,70.734,6353681,5351.568666,SLV
"El Salvador",Americas,2007,71.878,6939688,5728.353514,SLV
"Equatorial Guinea",Africa,1952,34.482,216964,375.6431231,GNQ
"Equatorial Guinea",Africa,1957,35.983,232922,426.0964081,GNQ
"Equatorial Guinea",Africa,1962,37.485,249220,582.8419714,GNQ
"Equatorial Guinea",Africa,1967,38.987,259864,915.5960025,GNQ
"Equatorial Guinea",Africa,1972,40.516,277603,672.4122571,GNQ
"Equatorial Guinea",Africa,1977,42.024,192675,958.5668124,GNQ
"Equatorial Guinea",Africa,1982,43.662,285483,927.8253427,GNQ
"Equatorial Guinea",Africa,1987,45.664,341244,966.8968149,GNQ
"Equatorial Guinea",Africa,1992,47.545,387838,1132.055034,GNQ
"Equatorial Guinea",Africa,1997,48.245,439971,2814.480755,GNQ
"Equatorial Guinea",Africa,2002,49.348,495627,7703.4959,GNQ
"Equatorial Guinea",Africa,2007,51.579,551201,12154.08975,GNQ
Eritrea,Africa,1952,35.928,1438760,328.9405571,ERI
Eritrea,Africa,1957,38.047,1542611,344.1618859,ERI
Eritrea,Africa,1962,40.158,1666618,380.9958433,ERI
Eritrea,Africa,1967,42.189,1820319,468.7949699,ERI
Eritrea,Africa,1972,44.142,2260187,514.3242082,ERI
Eritrea,Africa,1977,44.535,2512642,505.7538077,ERI
Eritrea,Africa,1982,43.89,2637297,524.8758493,ERI
Eritrea,Africa,1987,46.453,2915959,521.1341333,ERI
Eritrea,Africa,1992,49.991,3668440,582.8585102,ERI
Eritrea,Africa,1997,53.378,4058319,913.47079,ERI
Eritrea,Africa,2002,55.24,4414865,765.3500015,ERI
Eritrea,Africa,2007,58.04,4906585,641.3695236,ERI
Ethiopia,Africa,1952,34.078,20860941,362.1462796,ETH
Ethiopia,Africa,1957,36.667,22815614,378.9041632,ETH
Ethiopia,Africa,1962,40.059,25145372,419.4564161,ETH
Ethiopia,Africa,1967,42.115,27860297,516.1186438,ETH
Ethiopia,Africa,1972,43.515,30770372,566.2439442,ETH
Ethiopia,Africa,1977,44.51,34617799,556.8083834,ETH
Ethiopia,Africa,1982,44.916,38111756,577.8607471,ETH
Ethiopia,Africa,1987,46.684,42999530,573.7413142,ETH
Ethiopia,Africa,1992,48.091,52088559,421.3534653,ETH
Ethiopia,Africa,1997,49.402,59861301,515.8894013,ETH
Ethiopia,Africa,2002,50.725,67946797,530.0535319,ETH
Ethiopia,Africa,2007,52.947,76511887,690.8055759,ETH
Finland,Europe,1952,66.55,4090500,6424.519071,FIN
Finland,Europe,1957,67.49,4324000,7545.415386,FIN
Finland,Europe,1962,68.75,4491443,9371.842561,FIN
Finland,Europe,1967,69.83,4605744,10921.63626,FIN
Finland,Europe,1972,70.87,4639657,14358.8759,FIN
Finland,Europe,1977,72.52,4738902,15605.42283,FIN
Finland,Europe,1982,74.55,4826933,18533.15761,FIN
Finland,Europe,1987,74.83,4931729,21141.01223,FIN
Finland,Europe,1992,75.7,5041039,20647.16499,FIN
Finland,Europe,1997,77.13,5134406,23723.9502,FIN
Finland,Europe,2002,78.37,5193039,28204.59057,FIN
Finland,Europe,2007,79.313,5238460,33207.0844,FIN
France,Europe,1952,67.41,42459667,7029.809327,FRA
France,Europe,1957,68.93,44310863,8662.834898,FRA
France,Europe,1962,70.51,47124000,10560.48553,FRA
France,Europe,1967,71.55,49569000,12999.91766,FRA
France,Europe,1972,72.38,51732000,16107.19171,FRA
France,Europe,1977,73.83,53165019,18292.63514,FRA
France,Europe,1982,74.89,54433565,20293.89746,FRA
France,Europe,1987,76.34,55630100,22066.44214,FRA
France,Europe,1992,77.46,57374179,24703.79615,FRA
France,Europe,1997,78.64,58623428,25889.78487,FRA
France,Europe,2002,79.59,59925035,28926.03234,FRA
France,Europe,2007,80.657,61083916,30470.0167,FRA
Gabon,Africa,1952,37.003,420702,4293.476475,GAB
Gabon,Africa,1957,38.999,434904,4976.198099,GAB
Gabon,Africa,1962,40.489,455661,6631.459222,GAB
Gabon,Africa,1967,44.598,489004,8358.761987,GAB
Gabon,Africa,1972,48.69,537977,11401.94841,GAB
Gabon,Africa,1977,52.79,706367,21745.57328,GAB
Gabon,Africa,1982,56.564,753874,15113.36194,GAB
Gabon,Africa,1987,60.19,880397,11864.40844,GAB
Gabon,Africa,1992,61.366,985739,13522.15752,GAB
Gabon,Africa,1997,60.461,1126189,14722.84188,GAB
Gabon,Africa,2002,56.761,1299304,12521.71392,GAB
Gabon,Africa,2007,56.735,1454867,13206.48452,GAB
Gambia,Africa,1952,30,284320,485.2306591,GMB
Gambia,Africa,1957,32.065,323150,520.9267111,GMB
Gambia,Africa,1962,33.896,374020,599.650276,GMB
Gambia,Africa,1967,35.857,439593,734.7829124,GMB
Gambia,Africa,1972,38.308,517101,756.0868363,GMB
Gambia,Africa,1977,41.842,608274,884.7552507,GMB
Gambia,Africa,1982,45.58,715523,835.8096108,GMB
Gambia,Africa,1987,49.265,848406,611.6588611,GMB
Gambia,Africa,1992,52.644,1025384,665.6244126,GMB
Gambia,Africa,1997,55.861,1235767,653.7301704,GMB
Gambia,Africa,2002,58.041,1457766,660.5855997,GMB
Gambia,Africa,2007,59.448,1688359,752.7497265,GMB
Germany,Europe,1952,67.5,69145952,7144.114393,DEU
Germany,Europe,1957,69.1,71019069,10187.82665,DEU
Germany,Europe,1962,70.3,73739117,12902.46291,DEU
Germany,Europe,1967,70.8,76368453,14745.62561,DEU
Germany,Europe,1972,71,78717088,18016.18027,DEU
Germany,Europe,1977,72.5,78160773,20512.92123,DEU
Germany,Europe,1982,73.8,78335266,22031.53274,DEU
Germany,Europe,1987,74.847,77718298,24639.18566,DEU
Germany,Europe,1992,76.07,80597764,26505.30317,DEU
Germany,Europe,1997,77.34,82011073,27788.88416,DEU
Germany,Europe,2002,78.67,82350671,30035.80198,DEU
Germany,Europe,2007,79.406,82400996,32170.37442,DEU
Ghana,Africa,1952,43.149,5581001,911.2989371,GHA
Ghana,Africa,1957,44.779,6391288,1043.561537,GHA
Ghana,Africa,1962,46.452,7355248,1190.041118,GHA
Ghana,Africa,1967,48.072,8490213,1125.69716,GHA
Ghana,Africa,1972,49.875,9354120,1178.223708,GHA
Ghana,Africa,1977,51.756,10538093,993.2239571,GHA
Ghana,Africa,1982,53.744,11400338,876.032569,GHA
Ghana,Africa,1987,55.729,14168101,847.0061135,GHA
Ghana,Africa,1992,57.501,16278738,925.060154,GHA
Ghana,Africa,1997,58.556,18418288,1005.245812,GHA
Ghana,Africa,2002,58.453,20550751,1111.984578,GHA
Ghana,Africa,2007,60.022,22873338,1327.60891,GHA
Greece,Europe,1952,65.86,7733250,3530.690067,GRC
Greece,Europe,1957,67.86,8096218,4916.299889,GRC
Greece,Europe,1962,69.51,8448233,6017.190733,GRC
Greece,Europe,1967,71,8716441,8513.097016,GRC
Greece,Europe,1972,72.34,8888628,12724.82957,GRC
Greece,Europe,1977,73.68,9308479,14195.52428,GRC
Greece,Europe,1982,75.24,9786480,15268.42089,GRC
Greece,Europe,1987,76.67,9974490,16120.52839,GRC
Greece,Europe,1992,77.03,10325429,17541.49634,GRC
Greece,Europe,1997,77.869,10502372,18747.69814,GRC
Greece,Europe,2002,78.256,10603863,22514.2548,GRC
Greece,Europe,2007,79.483,10706290,27538.41188,GRC
Guatemala,Americas,1952,42.023,3146381,2428.237769,GTM
Guatemala,Americas,1957,44.142,3640876,2617.155967,GTM
Guatemala,Americas,1962,46.954,4208858,2750.364446,GTM
Guatemala,Americas,1967,50.016,4690773,3242.531147,GTM
Guatemala,Americas,1972,53.738,5149581,4031.408271,GTM
Guatemala,Americas,1977,56.029,5703430,4879.992748,GTM
Guatemala,Americas,1982,58.137,6395630,4820.49479,GTM
Guatemala,Americas,1987,60.782,7326406,4246.485974,GTM
Guatemala,Americas,1992,63.373,8486949,4439.45084,GTM
Guatemala,Americas,1997,66.322,9803875,4684.313807,GTM
Guatemala,Americas,2002,68.978,11178650,4858.347495,GTM
Guatemala,Americas,2007,70.259,12572928,5186.050003,GTM
Guinea,Africa,1952,33.609,2664249,510.1964923,GIN
Guinea,Africa,1957,34.558,2876726,576.2670245,GIN
Guinea,Africa,1962,35.753,3140003,686.3736739,GIN
Guinea,Africa,1967,37.197,3451418,708.7595409,GIN
Guinea,Africa,1972,38.842,3811387,741.6662307,GIN
Guinea,Africa,1977,40.762,4227026,874.6858643,GIN
Guinea,Africa,1982,42.891,4710497,857.2503577,GIN
Guinea,Africa,1987,45.552,5650262,805.5724718,GIN
Guinea,Africa,1992,48.576,6990574,794.3484384,GIN
Guinea,Africa,1997,51.455,8048834,869.4497668,GIN
Guinea,Africa,2002,53.676,8807818,945.5835837,GIN
Guinea,Africa,2007,56.007,9947814,942.6542111,GIN
Guinea-Bissau,Africa,1952,32.5,580653,299.850319,GNB
Guinea-Bissau,Africa,1957,33.489,601095,431.7904566,GNB
Guinea-Bissau,Africa,1962,34.488,627820,522.0343725,GNB
Guinea-Bissau,Africa,1967,35.492,601287,715.5806402,GNB
Guinea-Bissau,Africa,1972,36.486,625361,820.2245876,GNB
Guinea-Bissau,Africa,1977,37.465,745228,764.7259628,GNB
Guinea-Bissau,Africa,1982,39.327,825987,838.1239671,GNB
Guinea-Bissau,Africa,1987,41.245,927524,736.4153921,GNB
Guinea-Bissau,Africa,1992,43.266,1050938,745.5398706,GNB
Guinea-Bissau,Africa,1997,44.873,1193708,796.6644681,GNB
Guinea-Bissau,Africa,2002,45.504,1332459,575.7047176,GNB
Guinea-Bissau,Africa,2007,46.388,1472041,579.231743,GNB
Haiti,Americas,1952,37.579,3201488,1840.366939,HTI
Haiti,Americas,1957,40.696,3507701,1726.887882,HTI
Haiti,Americas,1962,43.59,3880130,1796.589032,HTI
Haiti,Americas,1967,46.243,4318137,1452.057666,HTI
Haiti,Americas,1972,48.042,4698301,1654.456946,HTI
Haiti,Americas,1977,49.923,4908554,1874.298931,HTI
Haiti,Americas,1982,51.461,5198399,2011.159549,HTI
Haiti,Americas,1987,53.636,5756203,1823.015995,HTI
Haiti,Americas,1992,55.089,6326682,1456.309517,HTI
Haiti,Americas,1997,56.671,6913545,1341.726931,HTI
Haiti,Americas,2002,58.137,7607651,1270.364932,HTI
Haiti,Americas,2007,60.916,8502814,1201.637154,HTI
Honduras,Americas,1952,41.912,1517453,2194.926204,HND
Honduras,Americas,1957,44.665,1770390,2220.487682,HND
Honduras,Americas,1962,48.041,2090162,2291.156835,HND
Honduras,Americas,1967,50.924,2500689,2538.269358,HND
Honduras,Americas,1972,53.884,2965146,2529.842345,HND
Honduras,Americas,1977,57.402,3055235,3203.208066,HND
Honduras,Americas,1982,60.909,3669448,3121.760794,HND
Honduras,Americas,1987,64.492,4372203,3023.096699,HND
Honduras,Americas,1992,66.399,5077347,3081.694603,HND
Honduras,Americas,1997,67.659,5867957,3160.454906,HND
Honduras,Americas,2002,68.565,6677328,3099.72866,HND
Honduras,Americas,2007,70.198,7483763,3548.330846,HND
"Hong Kong, China",Asia,1952,60.96,2125900,3054.421209,HKG
"Hong Kong, China",Asia,1957,64.75,2736300,3629.076457,HKG
"Hong Kong, China",Asia,1962,67.65,3305200,4692.648272,HKG
"Hong Kong, China",Asia,1967,70,3722800,6197.962814,HKG
"Hong Kong, China",Asia,1972,72,4115700,8315.928145,HKG
"Hong Kong, China",Asia,1977,73.6,4583700,11186.14125,HKG
"Hong Kong, China",Asia,1982,75.45,5264500,14560.53051,HKG
"Hong Kong, China",Asia,1987,76.2,5584510,20038.47269,HKG
"Hong Kong, China",Asia,1992,77.601,5829696,24757.60301,HKG
"Hong Kong, China",Asia,1997,80,6495918,28377.63219,HKG
"Hong Kong, China",Asia,2002,81.495,6762476,30209.01516,HKG
"Hong Kong, China",Asia,2007,82.208,6980412,39724.97867,HKG
Hungary,Europe,1952,64.03,9504000,5263.673816,HUN
Hungary,Europe,1957,66.41,9839000,6040.180011,HUN
Hungary,Europe,1962,67.96,10063000,7550.359877,HUN
Hungary,Europe,1967,69.5,10223422,9326.64467,HUN
Hungary,Europe,1972,69.76,10394091,10168.65611,HUN
Hungary,Europe,1977,69.95,10637171,11674.83737,HUN
Hungary,Europe,1982,69.39,10705535,12545.99066,HUN
Hungary,Europe,1987,69.58,10612740,12986.47998,HUN
Hungary,Europe,1992,69.17,10348684,10535.62855,HUN
Hungary,Europe,1997,71.04,10244684,11712.7768,HUN
Hungary,Europe,2002,72.59,10083313,14843.93556,HUN
Hungary,Europe,2007,73.338,9956108,18008.94444,HUN
Iceland,Europe,1952,72.49,147962,7267.688428,ISL
Iceland,Europe,1957,73.47,165110,9244.001412,ISL
Iceland,Europe,1962,73.68,182053,10350.15906,ISL
Iceland,Europe,1967,73.73,198676,13319.89568,ISL
Iceland,Europe,1972,74.46,209275,15798.06362,ISL
Iceland,Europe,1977,76.11,221823,19654.96247,ISL
Iceland,Europe,1982,76.99,233997,23269.6075,ISL
Iceland,Europe,1987,77.23,244676,26923.20628,ISL
Iceland,Europe,1992,78.77,259012,25144.39201,ISL
Iceland,Europe,1997,78.95,271192,28061.09966,ISL
Iceland,Europe,2002,80.5,288030,31163.20196,ISL
Iceland,Europe,2007,81.757,301931,36180.78919,ISL
India,Asia,1952,37.373,372000000,546.5657493,IND
India,Asia,1957,40.249,409000000,590.061996,IND
India,Asia,1962,43.605,454000000,658.3471509,IND
India,Asia,1967,47.193,506000000,700.7706107,IND
India,Asia,1972,50.651,567000000,724.032527,IND
India,Asia,1977,54.208,634000000,813.337323,IND
India,Asia,1982,56.596,708000000,855.7235377,IND
India,Asia,1987,58.553,788000000,976.5126756,IND
India,Asia,1992,60.223,872000000,1164.406809,IND
India,Asia,1997,61.765,959000000,1458.817442,IND
India,Asia,2002,62.879,1034172547,1746.769454,IND
India,Asia,2007,64.698,1110396331,2452.210407,IND
Indonesia,Asia,1952,37.468,82052000,749.6816546,IDN
Indonesia,Asia,1957,39.918,90124000,858.9002707,IDN
Indonesia,Asia,1962,42.518,99028000,849.2897701,IDN
Indonesia,Asia,1967,45.964,109343000,762.4317721,IDN
Indonesia,Asia,1972,49.203,121282000,1111.107907,IDN
Indonesia,Asia,1977,52.702,136725000,1382.702056,IDN
Indonesia,Asia,1982,56.159,153343000,1516.872988,IDN
Indonesia,Asia,1987,60.137,169276000,1748.356961,IDN
Indonesia,Asia,1992,62.681,184816000,2383.140898,IDN
Indonesia,Asia,1997,66.041,199278000,3119.335603,IDN
Indonesia,Asia,2002,68.588,211060000,2873.91287,IDN
Indonesia,Asia,2007,70.65,223547000,3540.651564,IDN
Iran,Asia,1952,44.869,17272000,3035.326002,IRN
Iran,Asia,1957,47.181,19792000,3290.257643,IRN
Iran,Asia,1962,49.325,22874000,4187.329802,IRN
Iran,Asia,1967,52.469,26538000,5906.731805,IRN
Iran,Asia,1972,55.234,30614000,9613.818607,IRN
Iran,Asia,1977,57.702,35480679,11888.59508,IRN
Iran,Asia,1982,59.62,43072751,7608.334602,IRN
Iran,Asia,1987,63.04,51889696,6642.881371,IRN
Iran,Asia,1992,65.742,60397973,7235.653188,IRN
Iran,Asia,1997,68.042,63327987,8263.590301,IRN
Iran,Asia,2002,69.451,66907826,9240.761975,IRN
Iran,Asia,2007,70.964,69453570,11605.71449,IRN
Iraq,Asia,1952,45.32,5441766,4129.766056,IRQ
Iraq,Asia,1957,48.437,6248643,6229.333562,IRQ
Iraq,Asia,1962,51.457,7240260,8341.737815,IRQ
Iraq,Asia,1967,54.459,8519282,8931.459811,IRQ
Iraq,Asia,1972,56.95,10061506,9576.037596,IRQ
Iraq,Asia,1977,60.413,11882916,14688.23507,IRQ
Iraq,Asia,1982,62.038,14173318,14517.90711,IRQ
Iraq,Asia,1987,65.044,16543189,11643.57268,IRQ
Iraq,Asia,1992,59.461,17861905,3745.640687,IRQ
Iraq,Asia,1997,58.811,20775703,3076.239795,IRQ
Iraq,Asia,2002,57.046,24001816,4390.717312,IRQ
Iraq,Asia,2007,59.545,27499638,4471.061906,IRQ
Ireland,Europe,1952,66.91,2952156,5210.280328,IRL
Ireland,Europe,1957,68.9,2878220,5599.077872,IRL
Ireland,Europe,1962,70.29,2830000,6631.597314,IRL
Ireland,Europe,1967,71.08,2900100,7655.568963,IRL
Ireland,Europe,1972,71.28,3024400,9530.772896,IRL
Ireland,Europe,1977,72.03,3271900,11150.98113,IRL
Ireland,Europe,1982,73.1,3480000,12618.32141,IRL
Ireland,Europe,1987,74.36,3539900,13872.86652,IRL
Ireland,Europe,1992,75.467,3557761,17558.81555,IRL
Ireland,Europe,1997,76.122,3667233,24521.94713,IRL
Ireland,Europe,2002,77.783,3879155,34077.04939,IRL
Ireland,Europe,2007,78.885,4109086,40675.99635,IRL
Israel,Asia,1952,65.39,1620914,4086.522128,ISR
Israel,Asia,1957,67.84,1944401,5385.278451,ISR
Israel,Asia,1962,69.39,2310904,7105.630706,ISR
Israel,Asia,1967,70.75,2693585,8393.741404,ISR
Israel,Asia,1972,71.63,3095893,12786.93223,ISR
Israel,Asia,1977,73.06,3495918,13306.61921,ISR
Israel,Asia,1982,74.45,3858421,15367.0292,ISR
Israel,Asia,1987,75.6,4203148,17122.47986,ISR
Israel,Asia,1992,76.93,4936550,18051.52254,ISR
Israel,Asia,1997,78.269,5531387,20896.60924,ISR
Israel,Asia,2002,79.696,6029529,21905.59514,ISR
Israel,Asia,2007,80.745,6426679,25523.2771,ISR
Italy,Europe,1952,65.94,47666000,4931.404155,ITA
Italy,Europe,1957,67.81,49182000,6248.656232,ITA
Italy,Europe,1962,69.24,50843200,8243.58234,ITA
Italy,Europe,1967,71.06,52667100,10022.40131,ITA
Italy,Europe,1972,72.19,54365564,12269.27378,ITA
Italy,Europe,1977,73.48,56059245,14255.98475,ITA
Italy,Europe,1982,74.98,56535636,16537.4835,ITA
Italy,Europe,1987,76.42,56729703,19207.23482,ITA
Italy,Europe,1992,77.44,56840847,22013.64486,ITA
Italy,Europe,1997,78.82,57479469,24675.02446,ITA
Italy,Europe,2002,80.24,57926999,27968.09817,ITA
Italy,Europe,2007,80.546,58147733,28569.7197,ITA
Jamaica,Americas,1952,58.53,1426095,2898.530881,JAM
Jamaica,Americas,1957,62.61,1535090,4756.525781,JAM
Jamaica,Americas,1962,65.61,1665128,5246.107524,JAM
Jamaica,Americas,1967,67.51,1861096,6124.703451,JAM
Jamaica,Americas,1972,69,1997616,7433.889293,JAM
Jamaica,Americas,1977,70.11,2156814,6650.195573,JAM
Jamaica,Americas,1982,71.21,2298309,6068.05135,JAM
Jamaica,Americas,1987,71.77,2326606,6351.237495,JAM
Jamaica,Americas,1992,71.766,2378618,7404.923685,JAM
Jamaica,Americas,1997,72.262,2531311,7121.924704,JAM
Jamaica,Americas,2002,72.047,2664659,6994.774861,JAM
Jamaica,Americas,2007,72.567,2780132,7320.880262,JAM
Japan,Asia,1952,63.03,86459025,3216.956347,JPN
Japan,Asia,1957,65.5,91563009,4317.694365,JPN
Japan,Asia,1962,68.73,95831757,6576.649461,JPN
Japan,Asia,1967,71.43,100825279,9847.788607,JPN
Japan,Asia,1972,73.42,107188273,14778.78636,JPN
Japan,Asia,1977,75.38,113872473,16610.37701,JPN
Japan,Asia,1982,77.11,118454974,19384.10571,JPN
Japan,Asia,1987,78.67,122091325,22375.94189,JPN
Japan,Asia,1992,79.36,124329269,26824.89511,JPN
Japan,Asia,1997,80.69,125956499,28816.58499,JPN
Japan,Asia,2002,82,127065841,28604.5919,JPN
Japan,Asia,2007,82.603,127467972,31656.06806,JPN
Jordan,Asia,1952,43.158,607914,1546.907807,JOR
Jordan,Asia,1957,45.669,746559,1886.080591,JOR
Jordan,Asia,1962,48.126,933559,2348.009158,JOR
Jordan,Asia,1967,51.629,1255058,2741.796252,JOR
Jordan,Asia,1972,56.528,1613551,2110.856309,JOR
Jordan,Asia,1977,61.134,1937652,2852.351568,JOR
Jordan,Asia,1982,63.739,2347031,4161.415959,JOR
Jordan,Asia,1987,65.869,2820042,4448.679912,JOR
Jordan,Asia,1992,68.015,3867409,3431.593647,JOR
Jordan,Asia,1997,69.772,4526235,3645.379572,JOR
Jordan,Asia,2002,71.263,5307470,3844.917194,JOR
Jordan,Asia,2007,72.535,6053193,4519.461171,JOR
Kenya,Africa,1952,42.27,6464046,853.540919,KEN
Kenya,Africa,1957,44.686,7454779,944.4383152,KEN
Kenya,Africa,1962,47.949,8678557,896.9663732,KEN
Kenya,Africa,1967,50.654,10191512,1056.736457,KEN
Kenya,Africa,1972,53.559,12044785,1222.359968,KEN
Kenya,Africa,1977,56.155,14500404,1267.613204,KEN
Kenya,Africa,1982,58.766,17661452,1348.225791,KEN
Kenya,Africa,1987,59.339,21198082,1361.936856,KEN
Kenya,Africa,1992,59.285,25020539,1341.921721,KEN
Kenya,Africa,1997,54.407,28263827,1360.485021,KEN
Kenya,Africa,2002,50.992,31386842,1287.514732,KEN
Kenya,Africa,2007,54.11,35610177,1463.249282,KEN
"Korea, Dem. Rep.",Asia,1952,50.056,8865488,1088.277758,KOR
"Korea, Dem. Rep.",Asia,1957,54.081,9411381,1571.134655,KOR
"Korea, Dem. Rep.",Asia,1962,56.656,10917494,1621.693598,KOR
"Korea, Dem. Rep.",Asia,1967,59.942,12617009,2143.540609,KOR
"Korea, Dem. Rep.",Asia,1972,63.983,14781241,3701.621503,KOR
"Korea, Dem. Rep.",Asia,1977,67.159,16325320,4106.301249,KOR
"Korea, Dem. Rep.",Asia,1982,69.1,17647518,4106.525293,KOR
"Korea, Dem. Rep.",Asia,1987,70.647,19067554,4106.492315,KOR
"Korea, Dem. Rep.",Asia,1992,69.978,20711375,3726.063507,KOR
"Korea, Dem. Rep.",Asia,1997,67.727,21585105,1690.756814,KOR
"Korea, Dem. Rep.",Asia,2002,66.662,22215365,1646.758151,KOR
"Korea, Dem. Rep.",Asia,2007,67.297,23301725,1593.06548,KOR
"Korea, Rep.",Asia,1952,47.453,20947571,1030.592226,KOR
"Korea, Rep.",Asia,1957,52.681,22611552,1487.593537,KOR
"Korea, Rep.",Asia,1962,55.292,26420307,1536.344387,KOR
"Korea, Rep.",Asia,1967,57.716,30131000,2029.228142,KOR
"Korea, Rep.",Asia,1972,62.612,33505000,3030.87665,KOR
"Korea, Rep.",Asia,1977,64.766,36436000,4657.22102,KOR
"Korea, Rep.",Asia,1982,67.123,39326000,5622.942464,KOR
"Korea, Rep.",Asia,1987,69.81,41622000,8533.088805,KOR
"Korea, Rep.",Asia,1992,72.244,43805450,12104.27872,KOR
"Korea, Rep.",Asia,1997,74.647,46173816,15993.52796,KOR
"Korea, Rep.",Asia,2002,77.045,47969150,19233.98818,KOR
"Korea, Rep.",Asia,2007,78.623,49044790,23348.13973,KOR
Kuwait,Asia,1952,55.565,160000,108382.3529,KWT
Kuwait,Asia,1957,58.033,212846,113523.1329,KWT
Kuwait,Asia,1962,60.47,358266,95458.11176,KWT
Kuwait,Asia,1967,64.624,575003,80894.88326,KWT
Kuwait,Asia,1972,67.712,841934,109347.867,KWT
Kuwait,Asia,1977,69.343,1140357,59265.47714,KWT
Kuwait,Asia,1982,71.309,1497494,31354.03573,KWT
Kuwait,Asia,1987,74.174,1891487,28118.42998,KWT
Kuwait,Asia,1992,75.19,1418095,34932.91959,KWT
Kuwait,Asia,1997,76.156,1765345,40300.61996,KWT
Kuwait,Asia,2002,76.904,2111561,35110.10566,KWT
Kuwait,Asia,2007,77.588,2505559,47306.98978,KWT
Lebanon,Asia,1952,55.928,1439529,4834.804067,LBN
Lebanon,Asia,1957,59.489,1647412,6089.786934,LBN
Lebanon,Asia,1962,62.094,1886848,5714.560611,LBN
Lebanon,Asia,1967,63.87,2186894,6006.983042,LBN
Lebanon,Asia,1972,65.421,2680018,7486.384341,LBN
Lebanon,Asia,1977,66.099,3115787,8659.696836,LBN
Lebanon,Asia,1982,66.983,3086876,7640.519521,LBN
Lebanon,Asia,1987,67.926,3089353,5377.091329,LBN
Lebanon,Asia,1992,69.292,3219994,6890.806854,LBN
Lebanon,Asia,1997,70.265,3430388,8754.96385,LBN
Lebanon,Asia,2002,71.028,3677780,9313.93883,LBN
Lebanon,Asia,2007,71.993,3921278,10461.05868,LBN
Lesotho,Africa,1952,42.138,748747,298.8462121,LSO
Lesotho,Africa,1957,45.047,813338,335.9971151,LSO
Lesotho,Africa,1962,47.747,893143,411.8006266,LSO
Lesotho,Africa,1967,48.492,996380,498.6390265,LSO
Lesotho,Africa,1972,49.767,1116779,496.5815922,LSO
Lesotho,Africa,1977,52.208,1251524,745.3695408,LSO
Lesotho,Africa,1982,55.078,1411807,797.2631074,LSO
Lesotho,Africa,1987,57.18,1599200,773.9932141,LSO
Lesotho,Africa,1992,59.685,1803195,977.4862725,LSO
Lesotho,Africa,1997,55.558,1982823,1186.147994,LSO
Lesotho,Africa,2002,44.593,2046772,1275.184575,LSO
Lesotho,Africa,2007,42.592,2012649,1569.331442,LSO
Liberia,Africa,1952,38.48,863308,575.5729961,LBR
Liberia,Africa,1957,39.486,975950,620.9699901,LBR
Liberia,Africa,1962,40.502,1112796,634.1951625,LBR
Liberia,Africa,1967,41.536,1279406,713.6036483,LBR
Liberia,Africa,1972,42.614,1482628,803.0054535,LBR
Liberia,Africa,1977,43.764,1703617,640.3224383,LBR
Liberia,Africa,1982,44.852,1956875,572.1995694,LBR
Liberia,Africa,1987,46.027,2269414,506.1138573,LBR
Liberia,Africa,1992,40.802,1912974,636.6229191,LBR
Liberia,Africa,1997,42.221,2200725,609.1739508,LBR
Liberia,Africa,2002,43.753,2814651,531.4823679,LBR
Liberia,Africa,2007,45.678,3193942,414.5073415,LBR
Libya,Africa,1952,42.723,1019729,2387.54806,LBY
Libya,Africa,1957,45.289,1201578,3448.284395,LBY
Libya,Africa,1962,47.808,1441863,6757.030816,LBY
Libya,Africa,1967,50.227,1759224,18772.75169,LBY
Libya,Africa,1972,52.773,2183877,21011.49721,LBY
Libya,Africa,1977,57.442,2721783,21951.21176,LBY
Libya,Africa,1982,62.155,3344074,17364.27538,LBY
Libya,Africa,1987,66.234,3799845,11770.5898,LBY
Libya,Africa,1992,68.755,4364501,9640.138501,LBY
Libya,Africa,1997,71.555,4759670,9467.446056,LBY
Libya,Africa,2002,72.737,5368585,9534.677467,LBY
Libya,Africa,2007,73.952,6036914,12057.49928,LBY
Madagascar,Africa,1952,36.681,4762912,1443.011715,MDG
Madagascar,Africa,1957,38.865,5181679,1589.20275,MDG
Madagascar,Africa,1962,40.848,5703324,1643.38711,MDG
Madagascar,Africa,1967,42.881,6334556,1634.047282,MDG
Madagascar,Africa,1972,44.851,7082430,1748.562982,MDG
Madagascar,Africa,1977,46.881,8007166,1544.228586,MDG
Madagascar,Africa,1982,48.969,9171477,1302.878658,MDG
Madagascar,Africa,1987,49.35,10568642,1155.441948,MDG
Madagascar,Africa,1992,52.214,12210395,1040.67619,MDG
Madagascar,Africa,1997,54.978,14165114,986.2958956,MDG
Madagascar,Africa,2002,57.286,16473477,894.6370822,MDG
Madagascar,Africa,2007,59.443,19167654,1044.770126,MDG
Malawi,Africa,1952,36.256,2917802,369.1650802,MWI
Malawi,Africa,1957,37.207,3221238,416.3698064,MWI
Malawi,Africa,1962,38.41,3628608,427.9010856,MWI
Malawi,Africa,1967,39.487,4147252,495.5147806,MWI
Malawi,Africa,1972,41.766,4730997,584.6219709,MWI
Malawi,Africa,1977,43.767,5637246,663.2236766,MWI
Malawi,Africa,1982,45.642,6502825,632.8039209,MWI
Malawi,Africa,1987,47.457,7824747,635.5173634,MWI
Malawi,Africa,1992,49.42,10014249,563.2000145,MWI
Malawi,Africa,1997,47.495,10419991,692.2758103,MWI
Malawi,Africa,2002,45.009,11824495,665.4231186,MWI
Malawi,Africa,2007,48.303,13327079,759.3499101,MWI
Malaysia,Asia,1952,48.463,6748378,1831.132894,MYS
Malaysia,Asia,1957,52.102,7739235,1810.066992,MYS
Malaysia,Asia,1962,55.737,8906385,2036.884944,MYS
Malaysia,Asia,1967,59.371,10154878,2277.742396,MYS
Malaysia,Asia,1972,63.01,11441462,2849.09478,MYS
Malaysia,Asia,1977,65.256,12845381,3827.921571,MYS
Malaysia,Asia,1982,68,14441916,4920.355951,MYS
Malaysia,Asia,1987,69.5,16331785,5249.802653,MYS
Malaysia,Asia,1992,70.693,18319502,7277.912802,MYS
Malaysia,Asia,1997,71.938,20476091,10132.90964,MYS
Malaysia,Asia,2002,73.044,22662365,10206.97794,MYS
Malaysia,Asia,2007,74.241,24821286,12451.6558,MYS
Mali,Africa,1952,33.685,3838168,452.3369807,MLI
Mali,Africa,1957,35.307,4241884,490.3821867,MLI
Mali,Africa,1962,36.936,4690372,496.1743428,MLI
Mali,Africa,1967,38.487,5212416,545.0098873,MLI
Mali,Africa,1972,39.977,5828158,581.3688761,MLI
Mali,Africa,1977,41.714,6491649,686.3952693,MLI
Mali,Africa,1982,43.916,6998256,618.0140641,MLI
Mali,Africa,1987,46.364,7634008,684.1715576,MLI
Mali,Africa,1992,48.388,8416215,739.014375,MLI
Mali,Africa,1997,49.903,9384984,790.2579846,MLI
Mali,Africa,2002,51.818,10580176,951.4097518,MLI
Mali,Africa,2007,54.467,12031795,1042.581557,MLI
Mauritania,Africa,1952,40.543,1022556,743.1159097,MRT
Mauritania,Africa,1957,42.338,1076852,846.1202613,MRT
Mauritania,Africa,1962,44.248,1146757,1055.896036,MRT
Mauritania,Africa,1967,46.289,1230542,1421.145193,MRT
Mauritania,Africa,1972,48.437,1332786,1586.851781,MRT
Mauritania,Africa,1977,50.852,1456688,1497.492223,MRT
Mauritania,Africa,1982,53.599,1622136,1481.150189,MRT
Mauritania,Africa,1987,56.145,1841240,1421.603576,MRT
Mauritania,Africa,1992,58.333,2119465,1361.369784,MRT
Mauritania,Africa,1997,60.43,2444741,1483.136136,MRT
Mauritania,Africa,2002,62.247,2828858,1579.019543,MRT
Mauritania,Africa,2007,64.164,3270065,1803.151496,MRT
Mauritius,Africa,1952,50.986,516556,1967.955707,MUS
Mauritius,Africa,1957,58.089,609816,2034.037981,MUS
Mauritius,Africa,1962,60.246,701016,2529.067487,MUS
Mauritius,Africa,1967,61.557,789309,2475.387562,MUS
Mauritius,Africa,1972,62.944,851334,2575.484158,MUS
Mauritius,Africa,1977,64.93,913025,3710.982963,MUS
Mauritius,Africa,1982,66.711,992040,3688.037739,MUS
Mauritius,Africa,1987,68.74,1042663,4783.586903,MUS
Mauritius,Africa,1992,69.745,1096202,6058.253846,MUS
Mauritius,Africa,1997,70.736,1149818,7425.705295,MUS
Mauritius,Africa,2002,71.954,1200206,9021.815894,MUS
Mauritius,Africa,2007,72.801,1250882,10956.99112,MUS
Mexico,Americas,1952,50.789,30144317,3478.125529,MEX
Mexico,Americas,1957,55.19,35015548,4131.546641,MEX
Mexico,Americas,1962,58.299,41121485,4581.609385,MEX
Mexico,Americas,1967,60.11,47995559,5754.733883,MEX
Mexico,Americas,1972,62.361,55984294,6809.40669,MEX
Mexico,Americas,1977,65.032,63759976,7674.929108,MEX
Mexico,Americas,1982,67.405,71640904,9611.147541,MEX
Mexico,Americas,1987,69.498,80122492,8688.156003,MEX
Mexico,Americas,1992,71.455,88111030,9472.384295,MEX
Mexico,Americas,1997,73.67,95895146,9767.29753,MEX
Mexico,Americas,2002,74.902,102479927,10742.44053,MEX
Mexico,Americas,2007,76.195,108700891,11977.57496,MEX
Mongolia,Asia,1952,42.244,800663,786.5668575,MNG
Mongolia,Asia,1957,45.248,882134,912.6626085,MNG
Mongolia,Asia,1962,48.251,1010280,1056.353958,MNG
Mongolia,Asia,1967,51.253,1149500,1226.04113,MNG
Mongolia,Asia,1972,53.754,1320500,1421.741975,MNG
Mongolia,Asia,1977,55.491,1528000,1647.511665,MNG
